<?xml version="1.0" encoding="UTF-8"?>
<beans xmlns="http://www.springframework.org/schema/beans"
	xmlns:xsi="http://www.w3.org/2001/XMLSchema-instance" 
	xmlns:context="http://www.springframework.org/schema/context"
    xmlns:tx="http://www.springframework.org/schema/tx"
	xmlns:mvc="http://www.springframework.org/schema/mvc"
	xsi:schemaLocation="
		http://www.springframework.org/schema/beans
		http://www.springframework.org/schema/beans/spring-beans.xsd
		http://www.springframework.org/schema/context
		http://www.springframework.org/schema/context/spring-context.xsd
		http://www.springframework.org/schema/mvc
		http://www.springframework.org/schema/mvc/spring-mvc.xsd
		http://www.springframework.org/schema/tx 
		http://www.springframework.org/schema/tx/spring-tx.xsd">
 
<!-- Step 1: DataSource and connection pool configuration-->
	<bean id="myDataSource" class="com.mchange.v2.c3p0.ComboPooledDataSource"
          destroy-method="close">
        <property name="driverClass" value="com.mysql.jdbc.Driver" />
        <property name="jdbcUrl" value="jdbc:mysql://localhost:3306/spring_hibernate_db?useSSL=false" />
        <property name="user" value="root" />
        <property name="password" value="root" /> 
 
        <!-- Connection pool properties for ComboPooledDataSource -->
        <property name="minPoolSize" value="3" />
        <property name="maxPoolSize" value="10" />
        <property name="maxIdleTime" value="10000" />
	</bean>  
	
    <!-- Step 2: Hibernate session factory configuration -->
	<bean id="mySessionFactory"
		class="org.springframework.orm.hibernate5.LocalSessionFactoryBean">
		<property name="dataSource" ref="myDataSource" />
		<property name="packagesToScan" value="org.studyeasy.app.entity" />
		<property name="hibernateProperties">
		   <props>
		      <prop key="hibernate.dialect">org.hibernate.dialect.MySQLDialect</prop>
		      <prop key="hibernate.show_sql">true</prop>
		   </props>
		</property>
   </bean>	  
 
    <!-- Step 3: Hibernate transaction manager -->
	<bean id="appTransactionManager"
            class="org.springframework.orm.hibernate5.HibernateTransactionManager">
        <property name="sessionFactory" ref="mySessionFactory"/>
    </bean>
    
    <!-- Step 4: Enable transactional behavior based on annotations -->
	<tx:annotation-driven transaction-manager="appTransactionManager" />
 
</beans>
