<!DOCTYPE hibernate-configuration PUBLIC
        "-//Hibernate/Hibernate Configuration DTD 3.0//EN"
        "http://www.hibernate.org/dtd/hibernate-configuration-3.0.dtd">
 
<hibernate-configuration>
    <session-factory>
 
        <!-- Connection settings -->
        <property name="connection.driver_class">com.mysql.jdbc.Driver</property>
        <property name="dialect">org.hibernate.dialect.MySQLDialect</property>
              <!-- Sample MySQL URL provided  -->  
        <property name="connection.url">jdbc:mysql://localhost:3306/project</property>
        <property name="connection.username">root</property>
        <property name="connection.password">root</property>
           
        <!-- Show SQL on console -->
        <property name="show_sql">true</property>
 
		<!--Setting Session context model -->
		<property name="current_session_context_class">thread</property>
 
    </session-factory>
</hibernate-configuration>